href,title,text
https://www.health.harvard.edu,NA,Harvard Health Publishing
https://www.health.harvard.edu/customer-service,NA,Customer Service
https://www.health.harvard.edu/licensing,NA,Content Licensing
https://www.health.harvard.edu/about-us,NA,About Us
https://www.health.harvard.edu/login,NA,Log In
https://www.health.harvard.edu/healthbeat,NA,Free HealthBeat Signup
https://www.health.harvard.edu/subscribe,NA,Subscriptions
https://www.health.harvard.edu/special-health-reports,NA,Special Health Reports
https://www.harvardhealthonlinelearning.com/catalog,NA,Online Courses
https://www.health.harvard.edu/pay-bill,NA,Pay Subscription Bill
https://www.health.harvard.edu/category/common-conditions,NA,Common Conditions
https://www.health.harvard.edu/category/staying-healthy,NA,Staying Healthy
https://www.health.harvard.edu/resources,NA,Resources
https://www.health.harvard.edu/blog,NA,Blog
https://www.health.harvard.edu/diseases-and-conditions/coronavirus-resource-center,NA,COVID-19 Updates
https://www.health.harvard.edu/healthbeat,NA,Free Healthbeat Signup
https://www.harvardhealthonlinelearning.com,NA,Online Courses
https://www.health.harvard.edu/diseases-and-conditions/plantar-warts-options-for-treating-this-common-foot-condition,NA,Plantar warts: Options for treating this common foot condition
https://www.health.harvard.edu/nutrition/nutritional-yeast-does-this-savory-vegan-seasoning-pack-a-nutritional-punch,NA,"Nutritional yeast: Does this savory, vegan seasoning pack a nutritional punch?"
https://www.health.harvard.edu/blog/emsalmonellaem-is-sneaky-watch-out-202405293044,NA,Salmonella is sneaky: Watch out
https://www.health.harvard.edu/blog/two-jobs-may-lower-the-odds-of-dying-from-alzheimers-disease-but-why-202505063098,NA,Two jobs may lower the odds of dying from Alzheimer's disease — but why?
https://www.health.harvard.edu/womens-health/mastitis-what-to-do-when-your-breasts-are-painfully-inflamed,NA,Mastitis: What to do when your breasts are painfully inflamed
https://www.health.harvard.edu/blog/how-and-why-to-fit-more-fiber-and-fermented-food-into-your-meals-202404263036,NA,How — and why — to fit more fiber and fermented food into your meals
https://www.health.harvard.edu/womens-health/uti-in-older-women-why-postmenopausal-women-are-susceptible-to-urinary-tract-infection-and-what-to-do-about-it,NA,"UTI in older women: Why postmenopausal women are susceptible to urinary tract infection, and what to do about it"
https://www.health.harvard.edu/blog/can-a-routine-vaccine-prevent-dementia-202504293097,NA,Can a routine vaccine prevent dementia?
https://www.health.harvard.edu/diseases-and-conditions/some-adults-may-need-a-measles-booster-shot-who-should-get-one-and-why,NA,Some adults may need a measles booster shot. Who should get one and why?
https://www.health.harvard.edu/blog/less-butter-more-plant-oils-longer-life-202504233096,NA,"Less butter, more plant oils, longer life?"
https://www.health.harvard.edu/blog/emsalmonellaem-is-sneaky-watch-out-202405293044,NA,Read More about Salmonella is sneaky: Watch out
https://www.health.harvard.edu/topics/staying-healthy,NA,Staying Healthy
https://www.health.harvard.edu/blog/two-jobs-may-lower-the-odds-of-dying-from-alzheimers-disease-but-why-202505063098,NA,Read More about Two jobs may lower the odds of dying from Alzheimer's disease — but why?
https://www.health.harvard.edu/topics/mind-and-mood,NA,Mind & Mood
https://www.health.harvard.edu/blog/how-and-why-to-fit-more-fiber-and-fermented-food-into-your-meals-202404263036,NA,Read More about How — and why — to fit more fiber and fermented food into your meals
https://www.health.harvard.edu/topics/nutrition,NA,Nutrition
https://www.health.harvard.edu/blog/can-a-routine-vaccine-prevent-dementia-202504293097,NA,Read More about Can a routine vaccine prevent dementia?
https://www.health.harvard.edu/blog/less-butter-more-plant-oils-longer-life-202504233096,NA,"Read More about Less butter, more plant oils, longer life?"
https://www.health.harvard.edu/blog/healthier-planet-healthier-people-202304182914,NA,"Read More about Healthier planet, healthier people"
https://www.health.harvard.edu/blog/healthier-planet-healthier-people-202304182914,NA,"Healthier planet, healthier people"
https://www.health.harvard.edu/blog/counting-steps-is-good-is-combining-steps-and-heart-rate-better-202504173095,NA,Read More about Counting steps is good — is combining steps and heart rate better?
https://www.health.harvard.edu/topics/exercise-and-fitness,NA,Exercise & Fitness
https://www.health.harvard.edu/blog/counting-steps-is-good-is-combining-steps-and-heart-rate-better-202504173095,NA,Counting steps is good — is combining steps and heart rate better?
https://www.health.harvard.edu/blog/can-saw-palmetto-treat-an-enlarged-prostate-202504163094,NA,Read More about Can saw palmetto treat an enlarged prostate?
https://www.health.harvard.edu/topics/mens-health,NA,Men's Health
https://www.health.harvard.edu/blog/can-saw-palmetto-treat-an-enlarged-prostate-202504163094,NA,Can saw palmetto treat an enlarged prostate?
https://www.health.harvard.edu/blog/respiratory-health-harms-often-follow-flooding-taking-these-steps-can-help-202211092848,NA,Read More about Respiratory health harms often follow flooding: Taking these steps can help
https://www.health.harvard.edu/blog/respiratory-health-harms-often-follow-flooding-taking-these-steps-can-help-202211092848,NA,Respiratory health harms often follow flooding: Taking these steps can help
https://www.health.harvard.edu/blog/celiac-disease-exploring-four-myths-202411063079,NA,Read More about Celiac disease: Exploring four myths
https://www.health.harvard.edu/topics/diseases-and-conditions,NA,Diseases & Conditions
https://www.health.harvard.edu/blog/celiac-disease-exploring-four-myths-202411063079,NA,Celiac disease: Exploring four myths
https://www.health.harvard.edu/blog/what-is-prostatitis-and-how-is-it-treated-202503253092,NA,Read More about What is prostatitis and how is it treated?
https://www.health.harvard.edu/blog/what-is-prostatitis-and-how-is-it-treated-202503253092,NA,What is prostatitis and how is it treated?
https://www.health.harvard.edu/blog/think-your-child-has-adhd-what-your-pediatrician-can-do-201911152012,NA,Read More about Think your child has ADHD? What your pediatrician can do
https://www.health.harvard.edu/topics/child-and-teen-health,NA,Child & Teen Health
https://www.health.harvard.edu/blog/think-your-child-has-adhd-what-your-pediatrician-can-do-201911152012,NA,Think your child has ADHD? What your pediatrician can do
https://www.health.harvard.edu/blog/stepping-up-activity-when-winter-slows-you-down-202403043021,NA,Read More about Stepping up activity if winter slowed you down
https://www.health.harvard.edu/blog/stepping-up-activity-when-winter-slows-you-down-202403043021,NA,Stepping up activity if winter slowed you down
https://www.health.harvard.edu/blog/are-you-getting-health-care-you-dont-need-202408053064,NA,Read More about Are you getting health care you don't need?
https://www.health.harvard.edu/blog/are-you-getting-health-care-you-dont-need-202408053064,NA,Are you getting health care you don't need?
https://www.health.harvard.edu/blog/a-low-tech-school-vacation-keeping-kids-busy-and-happy-without-screens-201912192038,NA,Read More about A low-tech school vacation: Keeping kids busy and happy without screens
https://www.health.harvard.edu/blog/a-low-tech-school-vacation-keeping-kids-busy-and-happy-without-screens-201912192038,NA,A low-tech school vacation: Keeping kids busy and happy without screens
https://www.health.harvard.edu/blog/measles-is-making-a-comeback-can-we-stop-it-202503063091,NA,Read More about Measles is making a comeback: Can we stop it?
https://www.health.harvard.edu/blog/measles-is-making-a-comeback-can-we-stop-it-202503063091,NA,Measles is making a comeback: Can we stop it?
https://www.health.harvard.edu/blog/should-you-be-sleepmaxxing-to-boost-health-and-happiness-202503063090,NA,Read More about Should you be sleepmaxxing to boost health and happiness?
https://www.health.harvard.edu/blog/should-you-be-sleepmaxxing-to-boost-health-and-happiness-202503063090,NA,Should you be sleepmaxxing to boost health and happiness?
https://www.health.harvard.edu/blog/supporting-a-loved-one-with-prostate-cancer-a-guide-for-caregivers-202502263089,NA,Read More about Supporting a loved one with prostate cancer: A guide for caregivers
https://www.health.harvard.edu/blog/supporting-a-loved-one-with-prostate-cancer-a-guide-for-caregivers-202502263089,NA,Supporting a loved one with prostate cancer: A guide for caregivers
https://www.health.harvard.edu/blog/flowers-chocolates-organ-donation-are-you-in-2021021121928,NA,"Read More about Flowers, chocolates, organ donation — are you in?"
https://www.health.harvard.edu/blog/flowers-chocolates-organ-donation-are-you-in-2021021121928,NA,"Flowers, chocolates, organ donation — are you in?"
https://www.health.harvard.edu/blog/-a-muscle-building-obsession-in-boys-what-to-know-and-do-202305122934,NA,Read More about A muscle-building obsession in boys: What to know and do
https://www.health.harvard.edu/blog/-a-muscle-building-obsession-in-boys-what-to-know-and-do-202305122934,NA,A muscle-building obsession in boys: What to know and do
https://www.health.harvard.edu/blog/should-you-be-tested-for-inflammation-202203292715,NA,Read More about Should you be tested for inflammation?
https://www.health.harvard.edu/blog/should-you-be-tested-for-inflammation-202203292715,NA,Should you be tested for inflammation?
https://www.health.harvard.edu/blog/life-can-be-challenging-build-your-own-resilience-plan-202406123049,NA,Read More about Life can be challenging: Build your own resilience plan
https://www.health.harvard.edu/blog/life-can-be-challenging-build-your-own-resilience-plan-202406123049,NA,Life can be challenging: Build your own resilience plan
https://www.health.harvard.edu/blog/alcohol-and-your-health-risks-benefits-and-controversies-202501273088,NA,"Read More about Alcohol and your health: Risks, benefits, and controversies"
https://www.health.harvard.edu/blog/alcohol-and-your-health-risks-benefits-and-controversies-202501273088,NA,"Alcohol and your health: Risks, benefits, and controversies"
https://www.health.harvard.edu/blog/new-surgery-for-benign-prostate-hyperplasia-provides-long-lasting-benefits-202501233087,NA,Read More about New surgery for benign prostate hyperplasia provides long-lasting benefits
https://www.health.harvard.edu/blog/new-surgery-for-benign-prostate-hyperplasia-provides-long-lasting-benefits-202501233087,NA,New surgery for benign prostate hyperplasia provides long-lasting benefits
https://www.health.harvard.edu/blog?page=2,NA,Next »
https://www.health.harvard.edu/blog?page=2,NA,2
https://www.health.harvard.edu/blog?page=3,NA,3
https://www.health.harvard.edu/blog?page=4,NA,4
https://www.health.harvard.edu/blog?page=5,NA,5
https://www.health.harvard.edu/blog?page=6,NA,6
https://www.health.harvard.edu/blog?page=7,NA,7
https://www.health.harvard.edu/blog?page=8,NA,8
https://www.health.harvard.edu/blog?page=9,NA,9
https://www.health.harvard.edu/blog?page=10,NA,10
https://www.health.harvard.edu/blog?page=120,NA,120
https://www.health.harvard.edu/blog?page=121,NA,121
https://www.health.harvard.edu/healthbeat,NA,Sign Up
https://www.facebook.com/HarvardHealthPublications,NA,Facebook
https://twitter.com/harvardhealth,NA,Twitter
https://www.linkedin.com/company/harvard-health-publications/,NA,Linkedin
https://www.youtube.com/channel/UC-jj29vMMB1ulz_uEU5kUrA,NA,YouTube
https://www.health.harvard.edu/login,NA,Log in
https://www.harvardhealthonlinelearning.com,NA,Online Learning Courses
https://www.health.harvard.edu/subscribe,NA,Digital Subscriptions
https://www.health.harvard.edu/newsletters,NA,Print Subscriptions
https://www.health.harvard.edu/permissions,NA,Permissions
https://www.health.harvard.edu/topics,NA,Topics
https://trademark.harvard.edu/pages/trademark-notice,NA,Trademark Notice
https://trademark.harvard.edu/pages/trademark-notice,NA,Harvard Health Publishing®
https://www.health.harvard.edu/privacy-policy#california-residents,NA,Do not sell my personal information
https://www.health.harvard.edu/privacy-policy,NA,Privacy Policy and Terms of Use
https://www.health.harvard.edu#app,NA,Scroll To Top
https://policies.google.com/privacy,NA,Privacy Policy
https://policies.google.com/terms,NA,Terms of Service
